Model,Loss,Accuracy,Precision,Recall,F1 Score
Batch Normalization,0.09597805142402649,0.9695000052452087,0.9696608904499857,0.9693142791697476,0.9692975816360073
Group Normalization,0.11226797103881836,0.9657999873161316,0.9654009866193805,0.9655621110359682,0.9653819056555933
Layer Normalization,0.09743509441614151,0.9718999862670898,0.9716472717779119,0.97156318405374,0.9715622182664534
